company_id,category,visibility_tier,times_named_of_10,question_shape,question_text
D06,DME billing software,4-6,6,comparison,Brightree vs Bonafide for DME billing: which platform is better for growing HME businesses?
D06,DME billing software,4-6,6,comparison,DMEworks vs Bonafide: how do these DME billing platforms compare on automation and compliance features?
D06,DME billing software,4-6,6,use-case,How can DME billing software help home medical equipment companies streamline Medicare and Medicaid claims processing?
D06,DME billing software,4-6,6,evaluation,How should I evaluate and compare pricing models for DME billing software when switching from a legacy system?
D68,reinsurance placement software,1-3,3,best-of,What is the best reinsurance placement software for large specialty insurers?
D68,reinsurance placement software,1-3,3,alternatives,What are the best Sequel alternatives for managing reinsurance workflows?
D68,reinsurance placement software,1-3,3,comparison,Whitespace vs Artificial Labs for reinsurance placement: which is better?
D68,reinsurance placement software,1-3,3,comparison,"Sequel vs Whitespace reinsurance platform comparison: features, integrations and usability?"
D68,reinsurance placement software,1-3,3,use-case,How can reinsurance placement software reduce manual data entry and improve placement speed?
D68,reinsurance placement software,1-3,3,use-case,How do reinsurance platforms help brokers and underwriters collaborate on complex treaty placements?
D68,reinsurance placement software,1-3,3,evaluation,"How should I evaluate and compare reinsurance placement software vendors: what pricing models, implementation timelines and key features should I look for?"
D70,resource management software,0,0,best-of,What is the best resource management software for enterprise project teams?
D70,resource management software,0,0,best-of,What is the best resource capacity planning tool for professional services firms?
D70,resource management software,0,0,best-of,What is the best workforce resource management software for mid-size organizations?
D70,resource management software,0,0,alternatives,What are the best Planview alternatives for resource management?
D70,resource management software,0,0,alternatives,What are the best Smartsheet alternatives for resource capacity planning?
D70,resource management software,0,0,comparison,Planview vs Float: which is better for resource management?
D70,resource management software,0,0,comparison,Smartsheet vs dedicated resource management software: which should I choose?
D70,resource management software,0,0,use-case,How can resource management software help prevent team burnout and over-allocation?
D70,resource management software,0,0,best-of,What resource management software works best for managing contractors and full-time employees together?
D70,resource management software,0,0,evaluation,How much does enterprise resource management software typically cost and what should I evaluate before buying?
D63,medical device inventory software,1-3,3,best-of,What is the best medical device inventory software for large hospital systems?
D63,medical device inventory software,1-3,3,best-of,What is the best surgical inventory management software for orthopedic and spine implants?
D63,medical device inventory software,1-3,3,alternatives,What are the best Censis alternatives for surgical asset and tray tracking?
D63,medical device inventory software,1-3,3,comparison,GHX vs Mobile Aspects for hospital medical device inventory management which is better?
D63,medical device inventory software,1-3,3,comparison,Censis vs Mobile Aspects for sterile processing and surgical inventory tracking how do they compare?
D63,medical device inventory software,1-3,3,use-case,How can medical device inventory software help reduce implant expiration and trunk stock waste for sales reps?
D63,medical device inventory software,1-3,3,evaluation,How much does medical device inventory management software cost and what should I evaluate before buying?
D83,through-channel marketing automation software,1-3,1,best-of,What is the best through-channel marketing automation software for franchise and multi-location brands?
D83,through-channel marketing automation software,1-3,1,best-of,What are the best distributed marketing platforms for empowering local partners to run digital ads?
D83,through-channel marketing automation software,1-3,1,best-of,Which through-channel marketing automation tools work best for financial services and insurance companies with large agent networks?
D83,through-channel marketing automation software,1-3,1,alternatives,What are the best alternatives to Tiger Pistol for local marketing automation at scale?
D83,through-channel marketing automation software,1-3,1,alternatives,What are the best alternatives to SOCi for managing social media and paid advertising across multiple locations?
D83,through-channel marketing automation software,1-3,1,comparison,Tiger Pistol vs Hearsay for through-channel marketing automation: which is better for enterprise brands?
D83,through-channel marketing automation software,1-3,1,comparison,SOCi vs Hearsay for local marketing automation: how do they compare for regulated industries?
D83,through-channel marketing automation software,1-3,1,use-case,How can a franchisor use through-channel marketing automation to help franchisees run localized paid social campaigns without losing brand control?
D83,through-channel marketing automation software,1-3,1,evaluation,How should I evaluate and compare pricing models for through-channel marketing automation platforms when managing hundreds of local partners?
D36,desk booking software,1-3,3,best-of,What is the best desk booking software for hybrid workplaces?
D36,desk booking software,1-3,3,alternatives,What are the best alternatives to Robin for desk booking?
D36,desk booking software,1-3,3,alternatives,What are the best alternatives to Envoy for workplace management?
D36,desk booking software,1-3,3,comparison,Skedda vs Robin: which is better for managing hybrid office schedules?
D36,desk booking software,1-3,3,comparison,Envoy vs Robin: which desk booking software is easier to deploy and use?
D36,desk booking software,1-3,3,use-case,How can desk booking software help reduce unused office space and cut real estate costs?
D36,desk booking software,1-3,3,evaluation,How should I evaluate and compare desk booking software pricing models before making a purchase decision?
D20,banking customer experience software,0,0,best-of,What is the best customer experience software for banks and credit unions?
D20,banking customer experience software,0,0,best-of,What are the best digital customer engagement platforms for financial services companies?
D20,banking customer experience software,0,0,best-of,Which software platforms provide the best end-to-end customer journey management for banking institutions?
D20,banking customer experience software,0,0,alternatives,What are the best alternatives to Salesforce Financial Services Cloud for banking customer experience?
D20,banking customer experience software,0,0,alternatives,What are the top alternatives to Glia for digital banking customer support and engagement?
D20,banking customer experience software,0,0,comparison,Glia vs Pega for banking customer experience management: which is better?
D20,banking customer experience software,0,0,comparison,Salesforce Financial Services Cloud vs Pega for bank customer journey orchestration: how do they compare?
D20,banking customer experience software,0,0,use-case,How can banks use customer experience software to reduce onboarding friction and improve account opening completion rates?
D20,banking customer experience software,0,0,other,What customer experience platforms help banks and lenders manage ecosystem partner integrations and third-party workflows?
D20,banking customer experience software,0,0,evaluation,How should a mid-sized bank or credit union evaluate and price customer experience management software when comparing enterprise vendors?
D19,association management software,4-6,5,comparison,MemberClicks vs Novi AMS: which is better for small to mid-sized associations?
D19,association management software,4-6,5,comparison,Wild Apricot vs MemberClicks: which association management software has better reporting and analytics?
D19,association management software,4-6,5,use-case,How can association management software help automate membership renewals and reduce administrative overhead?
D19,association management software,4-6,5,other,What features should a professional association look for in an AMS to improve member engagement and retention?
D19,association management software,4-6,5,evaluation,How much does association management software typically cost and what should be included in an AMS evaluation checklist?
D60,internal talent marketplace software,4-6,5,comparison,Gloat vs 365Talents: which internal talent marketplace platform is better for skills mapping?
D60,internal talent marketplace software,4-6,5,comparison,Eightfold vs Gloat: how do they compare for internal mobility and talent redeployment?
D60,internal talent marketplace software,4-6,5,use-case,How can an internal talent marketplace help reduce employee turnover and improve retention?
D60,internal talent marketplace software,4-6,5,best-of,What are the best use cases for deploying an internal talent marketplace in a large multinational organization?
D60,internal talent marketplace software,4-6,5,evaluation,How much does internal talent marketplace software typically cost and what should I evaluate before buying?
D75,revenue intelligence software,0,0,best-of,What is the best revenue intelligence software for B2B sales teams?
D75,revenue intelligence software,0,0,best-of,What are the best conversation intelligence and pipeline management tools for enterprise sales?
D75,revenue intelligence software,0,0,best-of,What is the best revenue intelligence platform for improving forecast accuracy?
D75,revenue intelligence software,0,0,alternatives,What are the best Gong alternatives for revenue intelligence?
D75,revenue intelligence software,0,0,alternatives,What are the best Clari alternatives for sales forecasting and pipeline visibility?
D75,revenue intelligence software,0,0,comparison,Gong vs Clari: which revenue intelligence platform is better for mid-market sales teams?
D75,revenue intelligence software,0,0,comparison,Chorus vs Gong: which conversation intelligence tool drives more sales coaching value?
D75,revenue intelligence software,0,0,use-case,How can revenue intelligence software help reduce pipeline risk and improve deal predictability?
D75,revenue intelligence software,0,0,use-case,How do sales teams use revenue intelligence platforms to improve CRM data hygiene and rep accountability?
D75,revenue intelligence software,0,0,evaluation,How much does revenue intelligence software typically cost and what should I evaluate before buying?
D44,ecommerce quiz and personalization software,1-3,2,best-of,What are the best on-site personalization tools for increasing ecommerce conversions?
D44,ecommerce quiz and personalization software,1-3,2,best-of,What is the best lead capture and segmentation software for Shopify and WooCommerce stores?
D44,ecommerce quiz and personalization software,1-3,2,alternatives,What are the best Justuno alternatives for ecommerce personalization and pop-ups?
D44,ecommerce quiz and personalization software,1-3,2,alternatives,What are the best OptiMonk alternatives for onsite engagement and quiz funnels?
D44,ecommerce quiz and personalization software,1-3,2,comparison,Justuno vs OptiMonk: which is better for ecommerce personalization?
D44,ecommerce quiz and personalization software,1-3,2,use-case,How can ecommerce brands use product recommendation quizzes to reduce returns and increase average order value?
D44,ecommerce quiz and personalization software,1-3,2,use-case,How do ecommerce stores use on-site personalization software to convert anonymous visitors into email subscribers?
D44,ecommerce quiz and personalization software,1-3,2,evaluation,How much does ecommerce quiz and personalization software typically cost and what should I look for when evaluating vendors?
D41,ecommerce personalization software,1-3,3,alternatives,Bloomreach alternatives for ecommerce personalization
D41,ecommerce personalization software,1-3,3,alternatives,Algolia alternatives for ecommerce search and personalization
D41,ecommerce personalization software,1-3,3,comparison,Algolia vs Bloomreach for ecommerce personalization and search
D41,ecommerce personalization software,1-3,3,comparison,Klevu vs Bloomreach which is better for personalized shopping experiences
D41,ecommerce personalization software,1-3,3,use-case,how can ecommerce personalization software increase average order value
D41,ecommerce personalization software,1-3,3,use-case,use cases for AI personalization platforms in B2C ecommerce stores
D41,ecommerce personalization software,1-3,3,evaluation,how much does ecommerce personalization software cost and what should I evaluate before buying
D62,marketing data taxonomy software,1-3,1,best-of,What are the best tools for standardizing and governing marketing data across campaigns and channels?
D62,marketing data taxonomy software,1-3,1,best-of,What is the best software for managing UTM parameters and marketing data classification at scale?
D62,marketing data taxonomy software,1-3,1,alternatives,What are the best Adverity alternatives for marketing data governance and taxonomy management?
D62,marketing data taxonomy software,1-3,1,alternatives,What are the best Improvado alternatives for marketing data standardization and campaign tracking?
D62,marketing data taxonomy software,1-3,1,comparison,Adverity vs Funnel.io: which is better for marketing data taxonomy and governance?
D62,marketing data taxonomy software,1-3,1,comparison,Improvado vs Funnel.io: which platform is best for centralizing and standardizing marketing data?
D62,marketing data taxonomy software,1-3,1,use-case,How can marketing data taxonomy software help reduce reporting errors and improve campaign attribution?
D62,marketing data taxonomy software,1-3,1,use-case,What are the use cases for marketing data governance tools in large B2B organizations with multiple agency partners?
D62,marketing data taxonomy software,1-3,1,evaluation,How should I evaluate and compare marketing data taxonomy and governance platforms for an enterprise purchase decision?
D01,AI business intelligence software,0,0,best-of,What is the best AI business intelligence software for enterprise data teams?
D01,AI business intelligence software,0,0,best-of,What are the best AI-powered analytics tools for non-technical business users?
D01,AI business intelligence software,0,0,best-of,What is the best AI BI platform for self-service data exploration at scale?
D01,AI business intelligence software,0,0,alternatives,What are the best ThoughtSpot alternatives for AI-driven business intelligence?
D01,AI business intelligence software,0,0,alternatives,What are the best Tableau Pulse alternatives for automated data insights?
D01,AI business intelligence software,0,0,comparison,ThoughtSpot vs Databricks Genie: which is better for business intelligence teams?
D01,AI business intelligence software,0,0,comparison,Tableau Pulse vs ThoughtSpot: which AI analytics tool is right for my organization?
D01,AI business intelligence software,0,0,use-case,How can AI business intelligence software help reduce reliance on data analysts for reporting?
D01,AI business intelligence software,0,0,best-of,What AI BI tools work best for connecting natural language queries to cloud data warehouses?
D01,AI business intelligence software,0,0,evaluation,How do I evaluate and compare AI business intelligence platforms for a mid-market or enterprise company?
D74,revenue intelligence software,0,0,best-of,What is the best revenue intelligence software for enterprise sales teams?
D74,revenue intelligence software,0,0,best-of,What is the best AI-powered revenue forecasting tool for B2B companies?
D74,revenue intelligence software,0,0,best-of,What is the best conversation intelligence platform for improving sales performance?
D74,revenue intelligence software,0,0,alternatives,What are the best Gong alternatives for revenue intelligence?
D74,revenue intelligence software,0,0,alternatives,What are the best Clari alternatives for sales forecasting and pipeline management?
D74,revenue intelligence software,0,0,comparison,Gong vs Clari: which revenue intelligence platform is better for mid-market companies?
D74,revenue intelligence software,0,0,comparison,Aviso vs Gong: which AI forecasting tool delivers more accurate revenue predictions?
D74,revenue intelligence software,0,0,use-case,How can revenue intelligence software help sales teams identify deals at risk of churning?
D74,revenue intelligence software,0,0,use-case,How do B2B companies use revenue intelligence platforms to improve win rates and shorten sales cycles?
D74,revenue intelligence software,0,0,evaluation,How much does revenue intelligence software cost and what should I evaluate before buying?
D69,resource management software,1-3,1,best-of,What is the best workforce planning tool for accounting and consulting companies?
D69,resource management software,1-3,1,best-of,What is the best project resource scheduling software for enterprise teams?
D69,resource management software,1-3,1,alternatives,What are the best Float alternatives for large professional services organizations?
D69,resource management software,1-3,1,alternatives,What are the best Kantata alternatives for resource planning and utilization tracking?
D69,resource management software,1-3,1,comparison,Float vs Planview: which is better for resource management in a growing firm?
D69,resource management software,1-3,1,comparison,Kantata vs Planview: which resource management platform is better for enterprise professional services?
D69,resource management software,1-3,1,use-case,How can resource management software help improve utilization rates across a multi-practice consulting firm?
D69,resource management software,1-3,1,best-of,What resource management tools are best suited for firms that need to match staff skills to project demand?
D69,resource management software,1-3,1,evaluation,How should I evaluate and compare pricing models for enterprise resource management and capacity planning software?
D71,resource management software,1-3,3,best-of,What is the best resource management software for professional services teams?
D71,resource management software,1-3,3,best-of,What is the best real-time resource scheduling software for agencies and consultancies?
D71,resource management software,1-3,3,comparison,Float vs Mosaic: which is better for resource forecasting and team utilization?
D71,resource management software,1-3,3,comparison,Planview vs Float: which resource management platform is better for growing teams?
D71,resource management software,1-3,3,use-case,How can resource management software help prevent team burnout and improve capacity planning?
D71,resource management software,1-3,3,use-case,How do professional services firms use resource management tools to improve project profitability?
D71,resource management software,1-3,3,evaluation,How should I evaluate and compare resource management software pricing models before buying?
D15,account based marketing software,1-3,3,best-of,What is the best account based marketing software for B2B SaaS companies?
D15,account based marketing software,1-3,3,best-of,What are the best ABM platforms for mid-market B2B demand generation teams?
D15,account based marketing software,1-3,3,best-of,Which account based marketing tools work best for small but growing B2B marketing teams?
D15,account based marketing software,1-3,3,alternatives,What are the best 6sense alternatives for account based marketing?
D15,account based marketing software,1-3,3,alternatives,What are the top Demandbase alternatives for B2B pipeline generation?
D15,account based marketing software,1-3,3,comparison,6sense vs Demandbase: which ABM platform is better for enterprise B2B marketing?
D15,account based marketing software,1-3,3,comparison,ZoomInfo vs Demandbase: which is better for account based marketing and intent data?
D04,B2B marketing attribution software,4-6,6,comparison,6sense vs Dreamdata: which is better for B2B pipeline attribution?
D04,B2B marketing attribution software,4-6,6,comparison,Bizible vs Dreamdata: which marketing attribution tool is more accurate for demand generation?
D04,B2B marketing attribution software,4-6,6,use-case,How can B2B marketing attribution software help me prove ROI on paid media campaigns?
D04,B2B marketing attribution software,4-6,6,use-case,How do revenue teams use marketing attribution platforms to align sales and marketing reporting?
D58,interactive demo software,4-6,6,comparison,Storylane vs Walnut: which interactive demo platform is better for enterprise sales?
D58,interactive demo software,4-6,6,comparison,Seismic vs Storylane: which is better for product-led growth demo experiences?
D58,interactive demo software,4-6,6,use-case,How can interactive demo software help reduce time to value in B2B sales cycles?
D58,interactive demo software,4-6,6,use-case,How do product marketing teams use interactive demo platforms to improve lead qualification?
D59,interactive demo software,4-6,5,best-of,What is the best interactive product tour software for increasing trial conversions?
D59,interactive demo software,4-6,5,comparison,Seismic interactive demo vs Navattic: which is better for enterprise sales teams?
D59,interactive demo software,4-6,5,comparison,Walnut vs Navattic: which interactive demo platform is better for PLG companies?
D59,interactive demo software,4-6,5,use-case,How can interactive demo software help reduce sales cycle length for SaaS products?
D59,interactive demo software,4-6,5,use-case,How do B2B marketing teams use interactive product demos to improve lead qualification?
D18,account based marketing software,1-3,1,best-of,What is the best account based marketing software for B2B sales teams?
D18,account based marketing software,1-3,1,best-of,What are the best ABM platforms for tracking buyer intent and pipeline signals?
D18,account based marketing software,1-3,1,best-of,What is the best account based marketing tool for mid-market SaaS companies?
D18,account based marketing software,1-3,1,alternatives,What are the best alternatives to 6sense for account based marketing?
D18,account based marketing software,1-3,1,alternatives,What are the top Demandbase alternatives for smaller B2B revenue teams?
D18,account based marketing software,1-3,1,comparison,How does 6sense compare to Demandbase for account based marketing?
D18,account based marketing software,1-3,1,comparison,Clay vs 6sense: which is better for building targeted B2B prospect lists?
D18,account based marketing software,1-3,1,use-case,How can account based marketing software help identify when champions change jobs and re-enter buying cycles?
D18,account based marketing software,1-3,1,evaluation,How much does account based marketing software typically cost and what should I evaluate before buying?
D12,account based marketing software,0,0,best-of,best account based marketing software for mid-market B2B companies
D12,account based marketing software,0,0,best-of,best ABM platform for SaaS companies with small marketing teams
D12,account based marketing software,0,0,best-of,best account based marketing tools for enterprise B2B revenue teams
D12,account based marketing software,0,0,alternatives,6sense alternatives for account based marketing
D12,account based marketing software,0,0,alternatives,Demandbase alternatives for B2B intent data and account targeting
D12,account based marketing software,0,0,comparison,6sense vs Demandbase which is better for ABM
D12,account based marketing software,0,0,comparison,RollWorks vs 6sense comparison for B2B demand generation
D12,account based marketing software,0,0,other,how to use account based marketing software to shorten B2B sales cycles
D12,account based marketing software,0,0,use-case,how do ABM platforms help identify in-market accounts before they fill out a form
D12,account based marketing software,0,0,evaluation,how much does account based marketing software cost and what should I evaluate before buying
D32,customer support software,4-6,5,best-of,best help desk software for remote support teams
D32,customer support software,4-6,5,comparison,Zendesk vs Freshdesk which is better for B2B support teams
D32,customer support software,4-6,5,comparison,Intercom vs Freshdesk for customer support and live chat
D32,customer support software,4-6,5,other,how to manage high volume customer email support with a shared inbox tool
D32,customer support software,4-6,5,evaluation,how to evaluate customer support software pricing for a team of 10 to 50 agents
D31,customer support software,0,0,best-of,best customer support software for ecommerce businesses
D31,customer support software,0,0,best-of,best helpdesk platform for mid-sized customer service teams
D31,customer support software,0,0,best-of,best omnichannel customer support tools for retail brands
D31,customer support software,0,0,alternatives,Zendesk alternatives for growing support teams
D31,customer support software,0,0,alternatives,Intercom alternatives for customer service focused companies
D31,customer support software,0,0,comparison,Zendesk vs Intercom for B2B customer support
D31,customer support software,0,0,comparison,Gorgias vs Intercom which is better for ecommerce support
D31,customer support software,0,0,other,how to manage high volume customer conversations across email chat and social media in one platform
D31,customer support software,0,0,other,how to reduce customer support response times with conversation routing and automation
D31,customer support software,0,0,other,how much does customer support software cost for a team of 20 agents
D85,website visitor identification software,4-6,5,alternatives,What are the best Clearbit alternatives for B2B intent data and visitor identification?
D85,website visitor identification software,4-6,5,comparison,6sense vs Demandbase: which is better for B2B website visitor identification and account-based marketing?
D85,website visitor identification software,4-6,5,comparison,Clearbit vs Demandbase: which tool is better for identifying and enriching website visitor data?
D85,website visitor identification software,4-6,5,use-case,How can B2B companies use website visitor identification software to improve sales pipeline generation?
D85,website visitor identification software,4-6,5,best-of,What are the best use cases for website visitor identification tools in an account-based marketing strategy?
D42,ecommerce personalization software,0,0,best-of,What is the best ecommerce personalization software for Shopify stores?
D42,ecommerce personalization software,0,0,best-of,What are the best AI-powered product recommendation engines for mid-market ecommerce brands?
D42,ecommerce personalization software,0,0,best-of,What is the best personalization platform for increasing average order value in online retail?
D42,ecommerce personalization software,0,0,alternatives,What are the best Nosto alternatives for ecommerce personalization?
D42,ecommerce personalization software,0,0,alternatives,What are the best Bloomreach alternatives for small to mid-sized ecommerce businesses?
D42,ecommerce personalization software,0,0,comparison,Bloomreach vs Algolia for ecommerce search and personalization: which is better?
D42,ecommerce personalization software,0,0,comparison,Nosto vs Algolia: which personalization platform delivers better ROI for ecommerce?
D42,ecommerce personalization software,0,0,use-case,How can ecommerce personalization software help reduce cart abandonment and increase upsells?
D42,ecommerce personalization software,0,0,best-of,What ecommerce personalization tools work best for post-purchase upselling and cross-selling workflows?
D42,ecommerce personalization software,0,0,evaluation,How much does ecommerce personalization software typically cost and what should I evaluate before buying?
D46,ecommerce site search software,1-3,1,best-of,best ecommerce site search software for online retailers
D46,ecommerce site search software,1-3,1,best-of,best AI-powered product search and discovery platform for mid-market ecommerce
D46,ecommerce site search software,1-3,1,alternatives,Algolia alternatives for ecommerce search and merchandising
D46,ecommerce site search software,1-3,1,alternatives,Bloomreach alternatives for AI ecommerce search and personalization
D46,ecommerce site search software,1-3,1,comparison,Algolia vs Bloomreach for ecommerce product search and discovery
D46,ecommerce site search software,1-3,1,comparison,Klevu vs Algolia for AI-driven ecommerce search
D46,ecommerce site search software,1-3,1,use-case,how can AI site search software improve product discovery and conversion rates for ecommerce stores
D46,ecommerce site search software,1-3,1,best-of,what ecommerce search platform is best for merchandising rules and personalized search results
D46,ecommerce site search software,1-3,1,evaluation,how much does ecommerce site search software cost and what should I evaluate before choosing a vendor
D14,account based marketing software,1-3,3,best-of,What is the best account-based marketing platform for B2B demand generation?
D14,account based marketing software,1-3,3,alternatives,What are the best alternatives to 6sense for account-based marketing?
D14,account based marketing software,1-3,3,alternatives,What are the best Demandbase alternatives for B2B advertising and intent data?
D14,account based marketing software,1-3,3,comparison,6sense vs Demandbase: which ABM platform is better for pipeline generation?
D14,account based marketing software,1-3,3,comparison,Terminus vs 6sense: which is the better account-based marketing platform for B2B?
D14,account based marketing software,1-3,3,use-case,How can account-based marketing platforms help sales teams engage multiple stakeholders within a target account?
D14,account based marketing software,1-3,3,evaluation,How should I evaluate and compare pricing models for enterprise account-based marketing platforms?
D40,ecommerce personalization software,4-6,4,best-of,What is the best ecommerce personalization platform for increasing average order value?
D40,ecommerce personalization software,4-6,4,alternatives,What are the best Bloomreach alternatives for small to mid-sized online retailers?
D40,ecommerce personalization software,4-6,4,comparison,Bloomreach vs Algolia for ecommerce personalization: which is better?
D40,ecommerce personalization software,4-6,4,comparison,Nosto vs Algolia: which ecommerce personalization platform drives better conversion rates?
D40,ecommerce personalization software,4-6,4,use-case,How can ecommerce personalization software help reduce cart abandonment and increase repeat purchases?
D40,ecommerce personalization software,4-6,4,best-of,What ecommerce personalization tools work best for fashion and apparel online stores?
D11,account based marketing software,0,0,best-of,best account based marketing software for enterprise B2B sales teams
D11,account based marketing software,0,0,best-of,best ABM platforms for identifying and engaging high-intent accounts
D11,account based marketing software,0,0,best-of,best account based marketing tools for aligning sales and marketing teams
D11,account based marketing software,0,0,alternatives,6sense alternatives for account based marketing
D11,account based marketing software,0,0,alternatives,Demandbase alternatives for small and mid-market B2B companies
D11,account based marketing software,0,0,comparison,6sense vs Demandbase which ABM platform is better for pipeline generation
D11,account based marketing software,0,0,comparison,Clay vs 6sense for account intelligence and prospecting
D11,account based marketing software,0,0,other,how to use account based marketing software to prioritize accounts showing buying intent
D11,account based marketing software,0,0,use-case,how do ABM platforms help revenue teams identify in-market accounts and personalize outreach
D11,account based marketing software,0,0,evaluation,how much does account based marketing software cost and what should I evaluate before buying
D84,website visitor identification software,1-3,1,best-of,What is the best website visitor identification software for B2B companies?
D84,website visitor identification software,1-3,1,best-of,What are the best tools for identifying anonymous website visitors for sales teams?
D84,website visitor identification software,1-3,1,best-of,Which website visitor identification platforms work best for small and mid-sized B2B businesses?
D84,website visitor identification software,1-3,1,alternatives,What are the best alternatives to Lead Forensics for website visitor tracking?
D84,website visitor identification software,1-3,1,alternatives,What are the top alternatives to 6sense for identifying B2B website visitors?
D84,website visitor identification software,1-3,1,comparison,6sense vs Demandbase: which is better for B2B website visitor identification?
D84,website visitor identification software,1-3,1,comparison,Lead Forensics vs Demandbase: which website visitor identification tool should I choose?
D84,website visitor identification software,1-3,1,use-case,How can B2B sales teams use website visitor identification software to improve outbound prospecting?
D84,website visitor identification software,1-3,1,best-of,What are the best use cases for website visitor identification tools in account-based marketing?
D37,developer intent data software,1-3,3,best-of,best developer intent data software for B2B SaaS companies
D37,developer intent data software,1-3,3,alternatives,6sense alternatives for developer audience targeting
D37,developer intent data software,1-3,3,alternatives,Bombora alternatives for tracking developer intent signals
D37,developer intent data software,1-3,3,comparison,6sense vs Demandbase for developer intent data
D37,developer intent data software,1-3,3,comparison,Demandbase vs Bombora for identifying developer buying intent
D37,developer intent data software,1-3,3,use-case,how do B2B companies use developer intent signals to improve pipeline conversion
D37,developer intent data software,1-3,3,evaluation,how much does developer intent data software typically cost and what should I evaluate before buying
D02,AI business intelligence software,1-3,1,best-of,What is the best AI business intelligence software for enterprise data teams?
D02,AI business intelligence software,1-3,1,best-of,What are the best AI-powered BI tools for self-service analytics in 2024?
D02,AI business intelligence software,1-3,1,best-of,What is the best business intelligence platform for non-technical business users who need natural language querying?
D02,AI business intelligence software,1-3,1,alternatives,What are the best ThoughtSpot alternatives for AI-driven data exploration?
D02,AI business intelligence software,1-3,1,comparison,ThoughtSpot vs Looker: which is better for AI-assisted business intelligence?
D02,AI business intelligence software,1-3,1,comparison,Omni vs ThoughtSpot: which AI BI tool is better for mid-market companies?
D02,AI business intelligence software,1-3,1,use-case,How can AI business intelligence software help sales and revenue operations teams get faster insights from their data?
D02,AI business intelligence software,1-3,1,best-of,What AI BI tools are best for reducing dependency on data analysts when business stakeholders need ad hoc reporting?
D02,AI business intelligence software,1-3,1,evaluation,How should I evaluate and compare pricing models for AI business intelligence platforms before buying?
D47,ecommerce site search software,0,0,best-of,What is the best ecommerce site search software for mid-size online retailers?
D47,ecommerce site search software,0,0,best-of,What are the best AI-powered product search and discovery platforms for ecommerce businesses?
D47,ecommerce site search software,0,0,best-of,What is the best site search solution for improving ecommerce conversion rates?
D47,ecommerce site search software,0,0,alternatives,What are the best Algolia alternatives for ecommerce site search?
D47,ecommerce site search software,0,0,alternatives,What are the best Constructor alternatives for product discovery and search?
D47,ecommerce site search software,0,0,comparison,Algolia vs Klevu: which is better for ecommerce search and product discovery?
D47,ecommerce site search software,0,0,comparison,Constructor vs Algolia: which ecommerce search platform delivers better ROI?
D47,ecommerce site search software,0,0,use-case,How can AI-powered site search software reduce zero-results searches and improve product findability in an online store?
D47,ecommerce site search software,0,0,best-of,What ecommerce search and product discovery tools work best for catalog-heavy retailers with thousands of SKUs?
D47,ecommerce site search software,0,0,evaluation,"How should I evaluate and compare ecommerce site search vendors, and what pricing models should I expect?"
D72,revenue intelligence software,4-6,6,comparison,Gong vs Clari: which revenue intelligence platform is better for sales forecasting?
D72,revenue intelligence software,4-6,6,comparison,Chorus vs Gong: which conversation intelligence tool provides better sales coaching features?
D72,revenue intelligence software,4-6,6,use-case,How can conversation intelligence software help reduce sales rep ramp time and improve onboarding?
D72,revenue intelligence software,4-6,6,other,What revenue intelligence tools help sales managers identify deals at risk and improve pipeline visibility?
D03,B2B marketing analytics software,0,0,best-of,What is the best B2B marketing analytics software for enterprise demand generation teams?
D03,B2B marketing analytics software,0,0,best-of,What are the best marketing analytics platforms for measuring B2B pipeline attribution?
D03,B2B marketing analytics software,0,0,best-of,What is the best analytics tool for connecting B2B marketing spend to revenue outcomes?
D03,B2B marketing analytics software,0,0,alternatives,What are the best alternatives to 6sense for B2B marketing analytics and attribution?
D03,B2B marketing analytics software,0,0,alternatives,What are the top Demandbase alternatives for B2B revenue and pipeline analytics?
D03,B2B marketing analytics software,0,0,comparison,6sense vs Demandbase: which is better for B2B marketing analytics and account intelligence?
D03,B2B marketing analytics software,0,0,comparison,Dreamdata vs Demandbase: which platform offers better multi-touch attribution for B2B marketers?
D03,B2B marketing analytics software,0,0,use-case,How can B2B marketing teams use analytics software to prove ROI across paid and organic channels?
D03,B2B marketing analytics software,0,0,other,"What analytics platforms help B2B marketers unify data from LinkedIn, programmatic, and content to measure campaign performance?"
D03,B2B marketing analytics software,0,0,evaluation,How much does B2B marketing analytics and attribution software typically cost and what should I evaluate before buying?
D76,scheduling software,4-6,5,best-of,What is the best scheduling software for B2B sales teams?
D76,scheduling software,4-6,5,comparison,Calendly vs Chili Piper which is better for revenue teams?
D76,scheduling software,4-6,5,comparison,SavvyCal vs Calendly which scheduling tool is best for small businesses?
D76,scheduling software,4-6,5,use-case,How can scheduling software reduce no-shows and improve sales pipeline conversion?
D76,scheduling software,4-6,5,evaluation,How should I evaluate and compare pricing models for B2B scheduling software?
D28,customer data platform,4-6,4,best-of,What is the best customer data platform for mid-market B2B SaaS companies?
D28,customer data platform,4-6,4,comparison,Segment vs Tealium: which customer data platform is better for enterprise data governance?
D28,customer data platform,4-6,4,comparison,mParticle vs Tealium: which CDP offers better mobile data collection and identity resolution?
D28,customer data platform,4-6,4,use-case,How can a customer data platform help reduce data silos between marketing and product teams?
D28,customer data platform,4-6,4,best-of,What are the best use cases for deploying a customer data platform in a B2B revenue operations workflow?
D28,customer data platform,4-6,4,evaluation,How should I evaluate and compare pricing models when choosing a customer data platform for a high-volume data pipeline?
D21,best e-signature software for small business,4-6,5,best-of,Which e-signature tools are best suited for small business owners with limited technical experience?
D21,best e-signature software for small business,4-6,5,comparison,Signeasy vs PandaDoc: which is better for small business contract management?
D21,best e-signature software for small business,4-6,5,comparison,PandaDoc vs Dropbox Sign: which e-signature tool offers more value for small businesses?
D21,best e-signature software for small business,4-6,5,use-case,How can small businesses use e-signature software to streamline their client onboarding process?
D21,best e-signature software for small business,4-6,5,evaluation,How should a small business evaluate and compare e-signature software pricing plans before committing to a subscription?
D24,best small business payroll software,7-10,9,comparison,Patriot Software vs ADP: which payroll solution is best for a growing small business?
D22,best error tracking software for developers,7-10,8,comparison,Rollbar vs AppSignal: which error tracking tool is better for growing engineering teams?
D22,best error tracking software for developers,7-10,8,comparison,Raygun vs AppSignal: which is the better choice for full-stack error monitoring?
D23,best simple web analytics tool,7-10,8,alternatives,What are the best alternatives to complex enterprise web analytics platforms?
D23,best simple web analytics tool,7-10,8,comparison,Piwik PRO vs Matomo: which is better for B2B companies that need data privacy compliance?
D73,revenue intelligence software,0,0,best-of,What is the best revenue intelligence software for mid-market B2B sales teams?
D73,revenue intelligence software,0,0,best-of,What are the best AI-powered conversation intelligence tools for improving sales rep performance?
D73,revenue intelligence software,0,0,best-of,What is the best revenue intelligence platform for forecasting accuracy and deal visibility?
D73,revenue intelligence software,0,0,alternatives,What are the best Gong alternatives for small and mid-sized sales teams?
D73,revenue intelligence software,0,0,alternatives,What are the best Chorus alternatives for teams looking for AI-driven sales coaching?
D73,revenue intelligence software,0,0,comparison,Gong vs Clari: which revenue intelligence platform is better for enterprise sales forecasting?
D73,revenue intelligence software,0,0,comparison,Chorus vs Gong: which conversation intelligence tool provides better sales coaching features?
D73,revenue intelligence software,0,0,use-case,How can revenue intelligence software help sales managers identify at-risk deals before they fall through?
D73,revenue intelligence software,0,0,use-case,How do conversation intelligence platforms help onboard new sales reps faster and improve ramp time?
D73,revenue intelligence software,0,0,evaluation,How should I evaluate and compare revenue intelligence software pricing models before making a purchasing decision?
D48,ecommerce site search software,0,0,best-of,best ecommerce site search software for large online retailers
D48,ecommerce site search software,0,0,best-of,best AI-powered product search solutions for ecommerce platforms
D48,ecommerce site search software,0,0,best-of,best site search tools for improving ecommerce conversion rates
D48,ecommerce site search software,0,0,alternatives,Algolia alternatives for ecommerce site search
D48,ecommerce site search software,0,0,alternatives,Constructor alternatives for ecommerce product discovery
D48,ecommerce site search software,0,0,comparison,Algolia vs Klevu for ecommerce search and product discovery
D48,ecommerce site search software,0,0,comparison,Constructor vs Algolia which is better for ecommerce search personalization
D48,ecommerce site search software,0,0,other,how to improve product search relevance on an ecommerce site
D48,ecommerce site search software,0,0,best-of,what ecommerce search software works best for multilingual product catalogs
D48,ecommerce site search software,0,0,evaluation,how much does ecommerce site search software cost and what should I evaluate before buying
D17,account based marketing software,0,0,best-of,best account based marketing software for mid-market B2B companies
D17,account based marketing software,0,0,best-of,best ABM platforms for small sales teams with limited budget
D17,account based marketing software,0,0,best-of,best account based marketing tools for SaaS companies targeting enterprise accounts
D17,account based marketing software,0,0,alternatives,6sense alternatives for B2B marketers
D17,account based marketing software,0,0,alternatives,Demandbase alternatives for companies that want simpler ABM solutions
D17,account based marketing software,0,0,comparison,6sense vs Demandbase which is better for intent data and account targeting
D17,account based marketing software,0,0,comparison,Terminus vs 6sense comparison for B2B demand generation
D17,account based marketing software,0,0,other,how to use account based marketing software to align sales and marketing teams
D17,account based marketing software,0,0,best-of,what ABM platform works best for running targeted LinkedIn and display ad campaigns to named accounts
D17,account based marketing software,0,0,evaluation,how much does account based marketing software cost and what should I evaluate before buying
D45,ecommerce site search software,1-3,1,best-of,best ecommerce site search software for large online retailers
D45,ecommerce site search software,1-3,1,best-of,best AI-powered search and merchandising tools for ecommerce
D45,ecommerce site search software,1-3,1,alternatives,Algolia alternatives for ecommerce site search
D45,ecommerce site search software,1-3,1,alternatives,Constructor alternatives for product discovery and search
D45,ecommerce site search software,1-3,1,comparison,Algolia vs Klevu for ecommerce search and recommendations
D45,ecommerce site search software,1-3,1,comparison,Constructor vs Algolia for enterprise ecommerce product discovery
D45,ecommerce site search software,1-3,1,other,how to improve product findability and conversion rates on an ecommerce site
D45,ecommerce site search software,1-3,1,other,what features should I look for in an ecommerce search platform to reduce zero results searches
D45,ecommerce site search software,1-3,1,evaluation,how much does enterprise ecommerce site search software cost and what should I evaluate before buying
D10,account based marketing software,0,0,best-of,What is the best account based marketing software for mid-market B2B companies?
D10,account based marketing software,0,0,best-of,What are the best ABM platforms for aligning sales and marketing teams?
D10,account based marketing software,0,0,best-of,Which account based marketing tools work best for enterprise SaaS companies?
D10,account based marketing software,0,0,alternatives,What are the best 6sense alternatives for account based marketing?
D10,account based marketing software,0,0,alternatives,What are the best Demandbase alternatives for B2B intent data and ABM?
D10,account based marketing software,0,0,comparison,6sense vs Demandbase: which is better for account based marketing?
D10,account based marketing software,0,0,comparison,Terminus vs 6sense: which ABM platform is better for demand generation?
D10,account based marketing software,0,0,use-case,How can account based marketing software help identify and prioritize in-market accounts?
D10,account based marketing software,0,0,best-of,What are the best use cases for ABM platforms in B2B pipeline acceleration?
D10,account based marketing software,0,0,evaluation,How much does account based marketing software cost and what should I evaluate before buying?
D16,account based marketing software,0,0,best-of,What is the best account based marketing software for B2B SaaS companies?
D16,account based marketing software,0,0,best-of,What are the best ABM platforms for mid-market enterprise sales teams?
D16,account based marketing software,0,0,best-of,Which account based marketing tools work best for small marketing teams with limited budgets?
D16,account based marketing software,0,0,alternatives,What are the best alternatives to 6sense for account based marketing?
D16,account based marketing software,0,0,alternatives,What are the best Demandbase alternatives for B2B demand generation?
D16,account based marketing software,0,0,comparison,6sense vs Demandbase: which ABM platform is better for pipeline generation?
D16,account based marketing software,0,0,comparison,Terminus vs 6sense: how do these account based marketing platforms compare for intent data?
D16,account based marketing software,0,0,use-case,How can account based marketing software help B2B companies identify and target in-market accounts?
D16,account based marketing software,0,0,other,What ABM platform should I use to align sales and marketing teams around target account lists?
D16,account based marketing software,0,0,evaluation,How much does account based marketing software cost and what should I evaluate before buying?
D66,product adoption platform,4-6,6,comparison,Appcues vs Chameleon: which is better for in-app onboarding and user engagement?
D66,product adoption platform,4-6,6,comparison,Userpilot vs Chameleon: which product adoption platform offers better analytics and segmentation?
D66,product adoption platform,4-6,6,use-case,How can a product adoption platform help reduce time-to-value for new SaaS customers?
D66,product adoption platform,4-6,6,evaluation,How much do product adoption platforms typically cost and what should I evaluate before buying one?
D30,customer success software,7-10,9,comparison,ChurnZero vs Vitally: which customer success platform is better for scaling startups?
D52,feature flag management software,4-6,6,alternatives,What are the best open source alternatives to paid feature flag platforms?
D52,feature flag management software,4-6,6,comparison,Split vs Flagsmith: which feature flag tool is better for mid-sized engineering teams?
D52,feature flag management software,4-6,6,comparison,ConfigCat vs Flagsmith: how do they compare for feature flag management and remote configuration?
D52,feature flag management software,4-6,6,use-case,How can feature flag management software help teams safely roll out features to specific user segments?
D39,ecommerce email marketing platform,7-10,7,comparison,Omnisend vs Sendlane: which is better for ecommerce email and SMS marketing?
D39,ecommerce email marketing platform,7-10,7,comparison,Drip vs Sendlane: which ecommerce marketing automation platform has better analytics and reporting?
D39,ecommerce email marketing platform,7-10,7,use-case,How can an ecommerce brand use email marketing automation to recover abandoned carts and increase repeat purchases?
D13,account based marketing software,0,0,best-of,What is the best account based marketing software for enterprise B2B teams?
D13,account based marketing software,0,0,best-of,What are the best ABM platforms for mid-market companies looking to personalize buyer experiences at scale?
D13,account based marketing software,0,0,best-of,Which account based marketing tools work best for B2B SaaS companies with long sales cycles?
D13,account based marketing software,0,0,alternatives,What are the best alternatives to 6sense for account based marketing?
D13,account based marketing software,0,0,alternatives,What are the best Demandbase alternatives for smaller B2B marketing teams?
D13,account based marketing software,0,0,comparison,6sense vs Demandbase: which ABM platform is better for intent data and pipeline generation?
D13,account based marketing software,0,0,comparison,Terminus vs Demandbase: which is the better account based marketing platform for B2B demand generation?
D13,account based marketing software,0,0,use-case,How can account based marketing software help B2B companies create personalized content experiences for target accounts?
D13,account based marketing software,0,0,other,"What ABM platform should I use to run coordinated multi-channel campaigns across email, ads, and web for named accounts?"
D13,account based marketing software,0,0,evaluation,How much does account based marketing software typically cost and what should I look for when evaluating ABM vendors?
D26,contract lifecycle management software,0,0,best-of,What is the best contract lifecycle management software for mid-sized B2B companies?
D26,contract lifecycle management software,0,0,best-of,What is the best CLM software for automating contract approvals and renewals?
D26,contract lifecycle management software,0,0,best-of,What is the best contract management platform for sales and legal teams to collaborate?
D26,contract lifecycle management software,0,0,alternatives,What are the best Ironclad alternatives for contract lifecycle management?
D26,contract lifecycle management software,0,0,alternatives,What are the best Juro alternatives for small and mid-market businesses?
D26,contract lifecycle management software,0,0,comparison,Ironclad vs Juro: which contract lifecycle management software is better for scaling companies?
D26,contract lifecycle management software,0,0,comparison,Concord vs Ironclad: which CLM platform offers better workflow automation and integrations?
D26,contract lifecycle management software,0,0,use-case,How can contract lifecycle management software reduce time spent on contract negotiations for sales teams?
D26,contract lifecycle management software,0,0,best-of,Which CLM platforms are best suited for companies looking to digitize and automate their entire contract process from creation to signature?
D26,contract lifecycle management software,0,0,evaluation,How much does contract lifecycle management software typically cost and what should I evaluate before buying?
D53,headless CMS platform,1-3,3,best-of,What is the best headless CMS for large-scale multilingual websites with complex localization requirements?
D53,headless CMS platform,1-3,3,best-of,What is the best headless CMS platform for B2B SaaS companies building personalized digital experiences?
D53,headless CMS platform,1-3,3,alternatives,What are the best Storyblok alternatives for organizations looking for a structured content modeling approach?
D53,headless CMS platform,1-3,3,comparison,Contentful vs Sanity: which headless CMS is better for enterprise digital experience management?
D53,headless CMS platform,1-3,3,comparison,Storyblok vs Contentful: which headless CMS offers better scalability and collaboration features for large teams?
D53,headless CMS platform,1-3,3,use-case,"How do enterprises use a headless CMS to manage omnichannel content delivery across web, mobile, and IoT?"
D53,headless CMS platform,1-3,3,evaluation,"How should enterprise buyers evaluate and compare headless CMS platforms on pricing, total cost of ownership, and hidden fees?"
D77,session replay software,1-3,3,best-of,What is the best session replay software for SaaS companies?
D77,session replay software,1-3,3,alternatives,What are the best alternatives to Hotjar for enterprise teams?
D77,session replay software,1-3,3,comparison,FullStory vs Hotjar: which session replay tool is better for product teams?
D77,session replay software,1-3,3,comparison,LogRocket vs Hotjar: which is better for tracking user experience issues?
D77,session replay software,1-3,3,use-case,How can session replay software help reduce cart abandonment on ecommerce sites?
D77,session replay software,1-3,3,use-case,How do product managers use session replay tools to improve onboarding flows?
D77,session replay software,1-3,3,evaluation,How should I evaluate and compare session replay software pricing before buying?
D82,subscription billing software,1-3,3,best-of,What is the best subscription billing software for B2B SaaS companies?
D82,subscription billing software,1-3,3,best-of,What is the best recurring billing platform for mid-market enterprises managing complex subscription models?
D82,subscription billing software,1-3,3,best-of,What is the best subscription management tool for companies with usage-based pricing?
D82,subscription billing software,1-3,3,comparison,Chargebee vs Paddle: which is better for B2B subscription billing?
D82,subscription billing software,1-3,3,comparison,Recurly vs Paddle: which subscription billing platform is better for SaaS companies?
D82,subscription billing software,1-3,3,use-case,How can subscription billing software help a SaaS company automate revenue recognition and comply with ASC 606?
D82,subscription billing software,1-3,3,evaluation,How should I evaluate and compare subscription billing software vendors before making a purchase decision?
D34,data observability platform,0,0,best-of,What is the best data observability platform for large-scale data pipelines?
D34,data observability platform,0,0,best-of,What is the best data quality monitoring tool for data engineering teams?
D34,data observability platform,0,0,best-of,What is the best automated data observability solution for cloud data warehouses?
D34,data observability platform,0,0,alternatives,What are the best Monte Carlo alternatives for data observability?
D34,data observability platform,0,0,alternatives,What are the best Metaplane alternatives for monitoring data quality?
D34,data observability platform,0,0,comparison,Monte Carlo vs Bigeye: which data observability platform is better for enterprise teams?
D34,data observability platform,0,0,comparison,Metaplane vs Bigeye: which is the better data quality monitoring tool for mid-sized companies?
D34,data observability platform,0,0,use-case,How can a data observability platform help reduce pipeline failures and data downtime?
D34,data observability platform,0,0,use-case,What are the key use cases for implementing a data observability tool in a modern data stack?
D34,data observability platform,0,0,evaluation,How do data observability platforms typically price their plans and what should I evaluate before buying?
D80,software localization platform,4-6,5,best-of,What are the best translation management systems for global enterprise software teams?
D80,software localization platform,4-6,5,comparison,Lokalise vs Transifex: which localization platform is better for developer teams?
D80,software localization platform,4-6,5,comparison,Phrase vs Transifex: which is the better translation management system for B2B software companies?
D80,software localization platform,4-6,5,use-case,How do software localization platforms help engineering teams automate the translation of continuous releases?
D80,software localization platform,4-6,5,evaluation,How should I evaluate and compare pricing models for software localization platforms when managing multiple products?
D81,spend management software,0,0,best-of,What is the best spend management software for mid-sized businesses?
D81,spend management software,0,0,best-of,What is the best corporate card and expense management platform for fast-growing startups?
D81,spend management software,0,0,best-of,What is the best spend management solution for teams that need real-time visibility into company spending?
D81,spend management software,0,0,alternatives,What are the best Ramp alternatives for businesses outside the United States?
D81,spend management software,0,0,alternatives,What are the best Brex alternatives for small and medium enterprises?
D81,spend management software,0,0,comparison,Ramp vs Pleo: which spend management platform is better for international teams?
D81,spend management software,0,0,comparison,Brex vs Pleo: which is the better corporate card solution for scaling companies?
D81,spend management software,0,0,use-case,How can spend management software help finance teams reduce unauthorized employee spending?
D81,spend management software,0,0,best-of,What spend management tools work best for companies managing multiple subsidiaries or cost centers?
D81,spend management software,0,0,evaluation,How should I evaluate and compare spend management platforms before making a purchase decision?
D07,ELT data pipeline software,0,0,best-of,What is the best ELT data pipeline tool for small to mid-sized businesses?
D07,ELT data pipeline software,0,0,best-of,What are the best ELT pipeline platforms for syncing data into a cloud data warehouse?
D07,ELT data pipeline software,0,0,best-of,Which ELT tools are best for non-technical teams who need automated data integration?
D07,ELT data pipeline software,0,0,alternatives,What are the best Fivetran alternatives for ELT data pipelines?
D07,ELT data pipeline software,0,0,alternatives,What are the top Airbyte alternatives for managed ELT data integration?
D07,ELT data pipeline software,0,0,comparison,Fivetran vs Airbyte: which is better for building a modern data stack?
D07,ELT data pipeline software,0,0,comparison,Hevo Data vs Fivetran: which ELT tool offers better connector coverage and reliability?
D07,ELT data pipeline software,0,0,use-case,How do companies use ELT pipeline tools to centralize data from marketing and sales platforms into a data warehouse?
D07,ELT data pipeline software,0,0,best-of,What is the best ELT data pipeline solution for a SaaS company that needs real-time reporting across multiple data sources?
D07,ELT data pipeline software,0,0,evaluation,How do ELT data pipeline tools typically price their plans and what should I evaluate before choosing one?
D61,internal tools builder,1-3,1,best-of,What is the best internal tools builder for enterprise teams?
D61,internal tools builder,1-3,1,best-of,What is the best low-code tool for building internal applications without a large engineering team?
D61,internal tools builder,1-3,1,alternatives,What are the best Retool alternatives for building internal tools?
D61,internal tools builder,1-3,1,alternatives,What are the best Appsmith alternatives for non-technical teams?
D61,internal tools builder,1-3,1,comparison,Retool vs Appsmith which is better for building internal tools in 2024?
D61,internal tools builder,1-3,1,comparison,Budibase vs Retool which internal tools platform should I choose for my startup?
D61,internal tools builder,1-3,1,use-case,How can I build a customer support dashboard without extensive coding knowledge?
D61,internal tools builder,1-3,1,best-of,What internal tools platform is best for connecting to multiple databases and APIs in one interface?
D61,internal tools builder,1-3,1,evaluation,How do internal tools builders compare on pricing and what should I evaluate before choosing one?
D57,incident management software,0,0,best-of,What is the best incident management software for DevOps teams?
D57,incident management software,0,0,best-of,What is the best on-call alerting and incident response platform for small to mid-sized engineering teams?
D57,incident management software,0,0,alternatives,What is the best PagerDuty alternative for teams that want simpler setup and lower cost?
D57,incident management software,0,0,alternatives,What are the best alternatives to PagerDuty for incident management?
D57,incident management software,0,0,alternatives,What are the best Opsgenie alternatives for modern SRE teams?
D57,incident management software,0,0,comparison,PagerDuty vs Opsgenie which is better for enterprise incident management?
D57,incident management software,0,0,comparison,Rootly vs PagerDuty what are the key differences for on-call management?
D57,incident management software,0,0,use-case,How can incident management software help reduce mean time to resolution for outages?
D57,incident management software,0,0,best-of,What incident management platform works best for teams that need deep monitoring tool integrations and automated escalation?
D57,incident management software,0,0,evaluation,How should I evaluate and compare pricing models for incident management and on-call alerting software?
D64,no-code app builder,7-10,8,comparison,Bubble vs Retool: which is better for building internal business tools?
D64,no-code app builder,7-10,8,other,How much does a no-code app builder typically cost for a small business and what should I look for before buying?
D33,data catalog software,0,0,best-of,What is the best data catalog software for large enterprise organizations?
D33,data catalog software,0,0,best-of,What is the best data catalog tool for improving data governance and compliance?
D33,data catalog software,0,0,best-of,What is the best data catalog solution for teams with limited data engineering resources?
D33,data catalog software,0,0,alternatives,What are the best Collibra alternatives for mid-sized companies?
D33,data catalog software,0,0,alternatives,What are the best Alation alternatives for businesses looking for a more modern data catalog?
D33,data catalog software,0,0,comparison,Alation vs Collibra: which data catalog is better for regulated industries?
D33,data catalog software,0,0,comparison,Atlan vs Collibra: which data catalog platform offers better collaboration features for data teams?
D33,data catalog software,0,0,use-case,How can a data catalog help reduce time spent on data discovery and lineage tracking across a distributed organization?
D33,data catalog software,0,0,use-case,What are the key use cases for implementing a data catalog in a company undergoing digital transformation?
D33,data catalog software,0,0,evaluation,How much does enterprise data catalog software typically cost and what should I look for when evaluating vendors?
D56,in-product survey software,1-3,3,best-of,What is the best in-app survey solution for B2B product teams?
D56,in-product survey software,1-3,3,alternatives,What are the best Sprig alternatives for in-product surveys?
D56,in-product survey software,1-3,3,comparison,Sprig vs Refiner: which is better for in-product user research?
D56,in-product survey software,1-3,3,comparison,Refiner vs Qualtrics: which should a SaaS company use for product feedback surveys?
D56,in-product survey software,1-3,3,use-case,How can I use in-product surveys to reduce churn and improve user retention?
D56,in-product survey software,1-3,3,best-of,What in-app survey tools are best for measuring product-market fit with NPS and CSAT?
D56,in-product survey software,1-3,3,evaluation,How much does in-product survey software typically cost and what should I evaluate before buying?
D27,customer advocacy software,4-6,5,alternatives,What are the top alternatives to GrowSurf for B2B referral and advocacy management?
D27,customer advocacy software,4-6,5,comparison,Influitive vs Base: which customer advocacy platform is better for mid-market companies?
D27,customer advocacy software,4-6,5,comparison,GrowSurf vs Influitive: what are the key differences for B2B customer marketing?
D27,customer advocacy software,4-6,5,other,What tools do B2B marketers use to turn customer feedback into sales enablement content?
D27,customer advocacy software,4-6,5,evaluation,How much does customer advocacy software typically cost and what should I evaluate before buying?
D50,employee engagement software,0,0,best-of,What is the best employee engagement software for mid-sized companies?
D50,employee engagement software,0,0,best-of,What are the best employee engagement platforms for improving retention and reducing turnover?
D50,employee engagement software,0,0,best-of,What is the best employee engagement tool for remote and hybrid teams?
D50,employee engagement software,0,0,alternatives,What are the best alternatives to Culture Amp for employee engagement?
D50,employee engagement software,0,0,alternatives,What are the best Peakon alternatives for measuring employee sentiment?
D50,employee engagement software,0,0,comparison,How does Culture Amp compare to Officevibe for employee engagement surveys?
D50,employee engagement software,0,0,comparison,How does Peakon compare to Officevibe for continuous employee listening?
D50,employee engagement software,0,0,use-case,How can employee engagement software help managers identify and prevent burnout?
D50,employee engagement software,0,0,best-of,What employee engagement platforms work best for frontline and deskless workers?
D50,employee engagement software,0,0,evaluation,How much does employee engagement software typically cost and what should I evaluate before buying?
D49,employee engagement software,0,0,best-of,What is the best employee engagement software for mid-sized companies?
D49,employee engagement software,0,0,best-of,What is the best employee engagement platform for improving retention and reducing turnover?
D49,employee engagement software,0,0,best-of,What is the best employee survey tool for getting actionable insights from frontline workers?
D49,employee engagement software,0,0,alternatives,What are the best Culture Amp alternatives for employee engagement?
D49,employee engagement software,0,0,alternatives,What are the best Peakon alternatives for continuous employee listening?
D49,employee engagement software,0,0,comparison,Culture Amp vs Peakon which employee engagement platform is better for enterprise teams?
D49,employee engagement software,0,0,comparison,Officevibe vs Peakon which is better for measuring employee sentiment in real time?
D49,employee engagement software,0,0,use-case,How can employee engagement software help HR teams identify burnout before it leads to attrition?
D49,employee engagement software,0,0,best-of,What employee engagement tools work best for distributed or deskless workforces?
D49,employee engagement software,0,0,evaluation,How much does employee engagement software typically cost and what should I evaluate before buying?
D51,employer of record software,0,0,best-of,What is the best employer of record software for managing global remote teams?
D51,employer of record software,0,0,best-of,What is the best employer of record platform for small and mid-sized businesses hiring internationally?
D51,employer of record software,0,0,best-of,What is the best EOR solution for companies expanding into the Middle East and emerging markets?
D51,employer of record software,0,0,alternatives,What are the best alternatives to Deel for employer of record services?
D51,employer of record software,0,0,alternatives,What are the best alternatives to Remote.com for hiring contractors and full-time employees globally?
D51,employer of record software,0,0,comparison,Deel vs Oyster: which employer of record platform is better for international hiring?
D51,employer of record software,0,0,comparison,Remote vs Oyster: how do these employer of record solutions compare for compliance and payroll?
D51,employer of record software,0,0,use-case,How can an employer of record platform help a startup hire full-time employees in multiple countries without setting up legal entities?
D51,employer of record software,0,0,other,"What employer of record software should a company use to manage benefits, payroll, and compliance for a distributed workforce across different time zones?"
D51,employer of record software,0,0,evaluation,How much does employer of record software typically cost and what should I evaluate before choosing a provider?
D67,recruitment CRM software,0,0,best-of,What is the best recruitment CRM software for growing staffing agencies?
D67,recruitment CRM software,0,0,best-of,What is the best CRM for recruitment agencies that want to improve candidate engagement?
D67,recruitment CRM software,0,0,best-of,What is the best recruitment software for managing the full 360 recruitment workflow?
D67,recruitment CRM software,0,0,alternatives,What are the best Bullhorn alternatives for small to mid-sized recruitment agencies?
D67,recruitment CRM software,0,0,alternatives,What are the best Vincere alternatives for recruitment agencies looking for simpler onboarding?
D67,recruitment CRM software,0,0,comparison,Bullhorn vs JobAdder: which recruitment CRM is better for independent recruiters?
D67,recruitment CRM software,0,0,comparison,Vincere vs JobAdder: which is the better recruitment CRM for agency growth?
D67,recruitment CRM software,0,0,use-case,How can recruitment CRM software help agencies reduce candidate drop-off during the hiring process?
D67,recruitment CRM software,0,0,best-of,Which recruitment CRM platforms are best for automating business development and client outreach?
D67,recruitment CRM software,0,0,evaluation,How much does recruitment CRM software typically cost and what should I evaluate before buying?
D78,site search,0,0,best-of,What is the best site search solution for large e-commerce platforms?
D78,site search,0,0,best-of,What is the best enterprise site search tool for improving product discovery and conversion rates?
D78,site search,0,0,best-of,What are the best AI-powered site search platforms for B2B websites with complex catalogs?
D78,site search,0,0,alternatives,What are the best Algolia alternatives for enterprise site search?
D78,site search,0,0,alternatives,What are the best Coveo alternatives for personalized site search and content discovery?
D78,site search,0,0,comparison,Algolia vs Coveo for enterprise site search: which is better?
D78,site search,0,0,comparison,Constructor vs Algolia: which site search platform delivers better e-commerce results?
D78,site search,0,0,use-case,How can AI site search improve product findability and reduce bounce rates on an e-commerce site?
D78,site search,0,0,best-of,What site search solution works best for a B2B company with a large SKU catalog and complex faceted navigation?
D78,site search,0,0,evaluation,How do enterprise site search platforms typically price their plans and what should I evaluate before signing a contract?
D38,digital adoption,7-10,7,comparison,Pendo vs Userpilot: which is better for in-app user onboarding?
D38,digital adoption,7-10,7,use-case,How can a digital adoption platform improve user onboarding and feature activation for a SaaS product?
D38,digital adoption,7-10,7,best-of,What are the best ways to use in-app guidance to reduce support tickets and increase product engagement?
D79,site search,0,0,best-of,What is the best site search solution for ecommerce businesses?
D79,site search,0,0,best-of,What are the best AI-powered site search tools for mid-market retailers?
D79,site search,0,0,best-of,What is the best site search platform for improving product discovery and conversion rates?
D79,site search,0,0,alternatives,What are the best Algolia alternatives for ecommerce site search?
D79,site search,0,0,alternatives,What are the best Coveo alternatives for B2B and ecommerce search personalization?
D79,site search,0,0,comparison,Algolia vs Constructor: which is better for ecommerce product search?
D79,site search,0,0,comparison,Coveo vs Algolia: which site search platform offers better personalization and relevance?
D79,site search,0,0,use-case,How can AI-driven site search improve product discovery for online retailers?
D79,site search,0,0,use-case,What are the key use cases for personalized site search in B2B ecommerce?
D79,site search,0,0,evaluation,"How should I evaluate and compare site search vendors on pricing, features, and ROI?"
D55,helpdesk,7-10,8,comparison,Zendesk vs Freshdesk for ecommerce customer service teams?
D55,helpdesk,7-10,8,comparison,Gorgias vs Freshdesk which is better for managing Amazon and eBay support tickets?
D54,helpdesk,1-3,1,best-of,What is the best helpdesk software for mid-sized B2B companies?
D54,helpdesk,1-3,1,best-of,What is the best helpdesk platform for companies that want full data ownership and control?
D54,helpdesk,1-3,1,alternatives,What are the best Zendesk alternatives for businesses looking to reduce support costs?
D54,helpdesk,1-3,1,alternatives,What are the best Freshdesk alternatives for enterprises that need more customization?
D54,helpdesk,1-3,1,comparison,Zendesk vs Help Scout: which is better for a growing B2B support team?
D54,helpdesk,1-3,1,comparison,Freshdesk vs Help Scout: which helpdesk software offers better value for money?
D54,helpdesk,1-3,1,use-case,How can a helpdesk platform improve response times and customer satisfaction for a SaaS company?
D54,helpdesk,1-3,1,best-of,What helpdesk software works best for IT teams managing both internal and external support requests?
D54,helpdesk,1-3,1,evaluation,How should I evaluate and compare helpdesk software pricing models when building a business case for my team?
D05,CDP / analytics,1-3,2,best-of,What is the best customer data platform for enterprise B2B companies with strict data privacy requirements?
D05,CDP / analytics,1-3,2,best-of,What are the best CDP and analytics solutions for organizations that need full data ownership and GDPR compliance?
D05,CDP / analytics,1-3,2,alternatives,What are the best Segment alternatives for companies that need on-premise or private cloud data processing?
D05,CDP / analytics,1-3,2,alternatives,What are the best Adobe Analytics alternatives for teams that want simpler implementation without sacrificing data depth?
D05,CDP / analytics,1-3,2,comparison,Tealium vs Segment for enterprise customer data management which is better for a complex tech stack?
D05,CDP / analytics,1-3,2,comparison,Self-hosted CDP vs cloud-based CDP which approach is better for companies in regulated industries like healthcare or finance?
D05,CDP / analytics,1-3,2,use-case,How can a B2B SaaS company use a customer data platform to unify product analytics and marketing attribution data?
D05,CDP / analytics,1-3,2,evaluation,How do I evaluate and compare enterprise CDP platforms on pricing total cost of ownership and data privacy controls?
D35,data pipelines,0,0,best-of,What are the best data pipeline tools for enterprise data integration?
D35,data pipelines,0,0,best-of,What is the best ETL platform for syncing data to a cloud data warehouse?
D35,data pipelines,0,0,best-of,What are the best automated data connectors for SaaS businesses?
D35,data pipelines,0,0,alternatives,What are the best Fivetran alternatives for data pipeline automation?
D35,data pipelines,0,0,alternatives,What are the best Airbyte alternatives for managed data integration?
D35,data pipelines,0,0,comparison,Fivetran vs Airbyte: which is better for modern data stack pipelines?
D35,data pipelines,0,0,comparison,Stitch vs Fivetran: which data pipeline tool is easier to scale?
D35,data pipelines,0,0,use-case,How do I automate data ingestion from multiple SaaS sources into Snowflake or BigQuery?
D35,data pipelines,0,0,best-of,What data pipeline solution works best for a small data engineering team with limited resources?
D35,data pipelines,0,0,evaluation,How should I evaluate and compare pricing models for data pipeline and ETL tools?
D65,presentation software,4-6,6,best-of,What is the best AI-powered presentation software for business use in 2024?
D65,presentation software,4-6,6,comparison,Canva vs Google Slides for business presentations: which is better for teams?
D65,presentation software,4-6,6,comparison,Beautiful.ai vs Gamma: which AI presentation tool is better for enterprise teams?
D65,presentation software,4-6,6,use-case,"How do enterprise presentation software tools compare on pricing, collaboration features, and brand control?"
D29,customer identity / CIAM,4-6,4,best-of,What is the best identity platform for handling high-volume consumer authentication at scale?
D29,customer identity / CIAM,4-6,4,alternatives,What are the best alternatives to Okta for customer identity management?
D29,customer identity / CIAM,4-6,4,comparison,Okta Customer Identity vs Ping Identity: which is better for B2C use cases?
D29,customer identity / CIAM,4-6,4,comparison,Auth0 vs ForgeRock: how do they compare for enterprise customer identity implementation?
D29,customer identity / CIAM,4-6,4,use-case,How do I implement passwordless authentication and MFA for a multi-tenant SaaS application?
D29,customer identity / CIAM,4-6,4,evaluation,How should I evaluate and compare pricing models for customer identity platforms when scaling to millions of users?
D08,PDF editor,1-3,1,best-of,What is the best PDF editor for small and medium-sized businesses?
D08,PDF editor,1-3,1,best-of,What is the best online PDF editor for teams that need to collaborate on documents?
D08,PDF editor,1-3,1,alternatives,What are the best alternatives to Adobe Acrobat for business PDF management?
D08,PDF editor,1-3,1,alternatives,What are the most affordable alternatives to Nitro PDF for enterprise document workflows?
D08,PDF editor,1-3,1,comparison,Adobe Acrobat vs Foxit PDF Editor: which is better for business use?
D08,PDF editor,1-3,1,comparison,Smallpdf vs Foxit: which PDF editor offers better value for growing teams?
D08,PDF editor,1-3,1,use-case,How can a business use a PDF editor to streamline contract signing and approval workflows?
D08,PDF editor,1-3,1,best-of,What PDF editing tools are best suited for HR teams managing employee onboarding documents?
D08,PDF editor,1-3,1,evaluation,How should a business evaluate and compare PDF editor pricing plans before committing to a subscription?
D43,ecommerce platform,4-6,4,best-of,What is the best ecommerce platform for small businesses with no technical experience?
D43,ecommerce platform,4-6,4,best-of,What is the best ecommerce platform for selling digital products and physical goods together?
D43,ecommerce platform,4-6,4,alternatives,What are the best BigCommerce alternatives for small independent online shops?
D43,ecommerce platform,4-6,4,comparison,Shopify vs Squarespace for building an online store which is better for beginners?
D43,ecommerce platform,4-6,4,comparison,Wix vs BigCommerce which ecommerce platform is better for scaling a product business?
D43,ecommerce platform,4-6,4,evaluation,How should I evaluate ecommerce platforms based on transaction fees revenue sharing and payout structure?
D25,cap table management,4-6,6,comparison,Carta vs Pulley for cap table management which is better for early-stage startups?
D25,cap table management,4-6,6,comparison,Eqvista vs Qapita which cap table software is better for international equity management?
D25,cap table management,4-6,6,use-case,How can cap table management software help automate employee equity vesting schedules and ESOP administration?
D25,cap table management,4-6,6,evaluation,How much does cap table management software typically cost and what should I evaluate before choosing a platform?
